citizenship,full_name,name,flag
Afghan,Islamic Republic of Afghanistan,Afghanistan,AF.png
Albanian,Republic of Albania,Albania,AL.png
of Antartica,Antarctica,Antarctica,AQ.png
Algerian,People’s Democratic Republic of Algeria,Algeria,DZ.png
American Samoan,Territory of American,American Samoa,AS.png
Andorran,Principality of Andorra,Andorra,AD.png
Angolan,Republic of Angola,Angola,AO.png
of Antigua and Barbuda,Antigua and Barbuda,Antigua and Barbuda,AG.png
Azerbaijani,Republic of Azerbaijan,Azerbaijan,AZ.png
Argentinian,Argentine Republic,Argentina,AR.png
Australian,Commonwealth of Australia,Australia,AU.png
Austrian,Republic of Austria,Austria,AT.png
Bahamian,Commonwealth of the Bahamas,Bahamas,BS.png
Bahraini,Kingdom of Bahrain,Bahrain,BH.png
Bangladeshi,People’s Republic of Bangladesh,Bangladesh,BD.png
Armenian,Republic of Armenia,Armenia,AM.png
Barbadian,Barbados,Barbados,BB.png
Belgian,Kingdom of Belgium,Belgium,BE.png
Bermudian,Bermuda,Bermuda,BM.png
Bhutanese,Kingdom of Bhutan,Bhutan,BT.png
Bolivian,Plurinational State of Bolivia,"Bolivia, Plurinational State of",BO.png
of Bosnia and Herzegovina,Bosnia and Herzegovina,Bosnia and Herzegovina,BA.png
Botswanan,Republic of Botswana,Botswana,BW.png
of Bouvet island,Bouvet Island,Bouvet Island,BV.png
Brazilian,Federative Republic of Brazil,Brazil,BR.png
Belizean,Belize,Belize,BZ.png
Changosian,British Indian Ocean Territory,British Indian Ocean Territory,IO.png
Solomon Islander,Solomon Islands,Solomon Islands,SB.png
British Virgin Islander;,British Virgin Islands,"Virgin Islands, British",VG.png
Bruneian,Brunei Darussalam,Brunei Darussalam,BN.png
Bulgarian,Republic of Bulgaria,Bulgaria,BG.png
Burmese,Union of Myanmar/,Myanmar,MM.png
Burundian,Republic of Burundi,Burundi,BI.png
Belarusian,Republic of Belarus,Belarus,BY.png
Cambodian,Kingdom of Cambodia,Cambodia,KH.png
Cameroonian,Republic of Cameroon,Cameroon,CM.png
Canadian,Canada,Canada,CA.png
Cape Verdean,Republic of Cape Verde,Cape Verde,CV.png
Caymanian,Cayman Islands,Cayman Islands,KY.png
Central African,Central African Republic,Central African Republic,CF.png
Sri Lankan,Democratic Socialist Republic of Sri Lanka,Sri Lanka,LK.png
Chadian,Republic of Chad,Chad,TD.png
Chilean,Republic of Chile,Chile,CL.png
Chinese,People’s Republic of China,China,CN.png
Taiwanese,"Republic of China, Taiwan (TW1)","Taiwan, Province of China",TW.png
Christmas Islander,Christmas Island Territory,Christmas Island,CX.png
Cocos Islander,Territory of Cocos (Keeling) Islands,Cocos (Keeling) Islands,CC.png
Colombian,Republic of Colombia,Colombia,CO.png
Comorian,Union of the Comoros,Comoros,KM.png
Mahorais,Departmental Collectivity of Mayotte,Mayotte,YT.png
Congolese,Republic of the Congo,Congo,CG.png
Congolese,Democratic Republic of the Congo,"Congo, the Democratic Republic of the",CD.png
Cook Islander,Cook Islands,Cook Islands,CK.png
Costa Rican,Republic of Costa Rica,Costa Rica,CR.png
Croatian,Republic of Croatia,Croatia,HR.png
Cuban,Republic of Cuba,Cuba,CU.png
Cypriot,Republic of Cyprus,Cyprus,CY.png
Czech,Czech Republic,Czech Republic,CZ.png
Beninese,Republic of Benin,Benin,BJ.png
Danish,Kingdom of Denmark,Denmark,DK.png
Dominican,Commonwealth of Dominica,Dominica,DM.png
Dominican,Dominican Republic,Dominican Republic,DO.png
Ecuadorian,Republic of Ecuador,Ecuador,EC.png
Salvadoran,Republic of El Salvador,El Salvador,SV.png
Equatorial Guinean,Republic of Equatorial Guinea,Equatorial Guinea,GQ.png
Ethiopian,Federal Democratic Republic of Ethiopia,Ethiopia,ET.png
Eritrean,State of Eritrea,Eritrea,ER.png
Estonian,Republic of Estonia,Estonia,EE.png
Faeroese,Faeroe Islands,Faroe Islands,FO.png
Falkland Islander,Falkland Islands,Falkland Islands (Malvinas),FK.png
of South Georgia and the South Sandwich Islands,South Georgia and the South Sandwich Islands,South Georgia and the South Sandwich Islands,GS.png
Fijian,Republic of Fiji,Fiji,FJ.png
Finnish,Republic of Finland,Finland,FI.png
Åland Islander,Åland Islands,Åland Islands,
French,French Republic,France,FR.png
Guianese,French Guiana,French Guiana,GF.png
Polynesian,French Polynesia,French Polynesia,PF.png
of French Southern and Antarctic Lands,French Southern and Antarctic Lands,French Southern Territories,TF.png
Djiboutian,Republic of Djibouti,Djibouti,DJ.png
Gabonese,Gabonese Republic,Gabon,GA.png
Georgian,Georgia,Georgia,GE.png
Gambian,Republic of the Gambia,Gambia,GM.png
Palestinian,,"Palestinian Territory, Occupied",PS.png
German,Federal Republic of Germany,Germany,DE.png
Ghanaian,Republic of Ghana,Ghana,GH.png
Gibraltarian,Gibraltar,Gibraltar,GI.png
Kiribatian,Republic of Kiribati,Kiribati,KI.png
Greek,Hellenic Republic,Greece,GR.png
Greenlander,Greenland,Greenland,GL.png
Grenadian,Grenada,Grenada,GD.png
Guadeloupean,Guadeloupe,Guadeloupe,GP.png
Guamanian,Territory of Guam,Guam,GU.png
Guatemalan,Republic of Guatemala,Guatemala,GT.png
Guinean,Republic of Guinea,Guinea,GN.png
Guyanese,Cooperative Republic of Guyana,Guyana,GY.png
Haitian,Republic of Haiti,Haiti,HT.png
of Territory of Heard Island and McDonald Islands,Territory of Heard Island and McDonald Islands,Heard Island and McDonald Islands,HM.png
of the Holy See/of the Vatican,the Holy See/ Vatican City State,Holy See (Vatican City State),VA.png
Honduran,Republic of Honduras,Honduras,HN.png
Hong Kong Chinese,Hong Kong Special Administrative Region of the People’s Republic of China (HK2),Hong Kong,HK.png
Hungarian,Republic of Hungary,Hungary,HU.png
Icelander,Republic of Iceland,Iceland,IS.png
Indian,Republic of India,India,IN.png
Indonesian,Republic of Indonesia,Indonesia,ID.png
Iranian,Islamic Republic of Iran,"Iran, Islamic Republic of",IR.png
Iraqi,Republic of Iraq,Iraq,IQ.png
Irish,Ireland (IE1),Ireland,IE.png
Israeli,State of Israel,Israel,IL.png
Italian,Italian Republic,Italy,IT.png
Ivorian,Republic of Côte d’Ivoire,Côte d'Ivoire,CI.png
Jamaican,Jamaica,Jamaica,JM.png
Japanese,Japan,Japan,JP.png
Kazakh,Republic of Kazakhstan,Kazakhstan,KZ.png
Jordanian,Hashemite Kingdom of Jordan,Jordan,JO.png
Kenyan,Republic of Kenya,Kenya,KE.png
North Korean,Democratic People’s Republic of Korea,"Korea, Democratic People's Republic of",KP.png
South Korean,Republic of Korea,"Korea, Republic of",KR.png
Kuwaiti,State of Kuwait,Kuwait,KW.png
Kyrgyz,Kyrgyz Republic,Kyrgyzstan,KG.png
Lao,Lao People’s Democratic Republic,Lao People's Democratic Republic,LA.png
Lebanese,Lebanese Republic,Lebanon,LB.png
Basotho,Kingdom of Lesotho,Lesotho,LS.png
Latvian,Republic of Latvia,Latvia,LV.png
Liberian,Republic of Liberia,Liberia,LR.png
Libyan,Socialist People’s Libyan Arab Jamahiriya,Libya,LY.png
Liechtensteiner,Principality of Liechtenstein,Liechtenstein,LI.png
Lithuanian,Republic of Lithuania,Lithuania,LT.png
Luxembourger,Grand Duchy of Luxembourg,Luxembourg,LU.png
Macanese,Macao Special Administrative Region of the People’s Republic of China (MO2),Macao,MO.png
Malagasy,Republic of Madagascar,Madagascar,MG.png
Malawian,Republic of Malawi,Malawi,MW.png
Malaysian,Malaysia,Malaysia,MY.png
Maldivian,Republic of Maldives,Maldives,MV.png
Malian,Republic of Mali,Mali,ML.png
Maltese,Republic of Malta,Malta,MT.png
Martinican,Martinique,Martinique,MQ.png
Mauritanian,Islamic Republic of Mauritania,Mauritania,MR.png
Mauritian,Republic of Mauritius,Mauritius,MU.png
Mexican,United Mexican States,Mexico,MX.png
Monegasque,Principality of Monaco,Monaco,MC.png
Mongolian,Mongolia,Mongolia,MN.png
Moldovan,Republic of Moldova,"Moldova, Republic of",MD.png
Montenegrin,Montenegro,Montenegro,
Montserratian,Montserrat,Montserrat,MS.png
Moroccan,Kingdom of Morocco,Morocco,MA.png
Mozambican,Republic of Mozambique,Mozambique,MZ.png
Omani,Sultanate of Oman,Oman,OM.png
Namibian,Republic of Namibia,Namibia,NA.png
Nauruan,Republic of Nauru,Nauru,NR.png
Nepalese,Nepal,Nepal,NP.png
Dutch,Kingdom of the Netherlands,Netherlands,NL.png
Curaçaoan,Curaçao,Curaçao,
Aruban,Aruba,Aruba,AW.png
Sint Maartener,Sint Maarten,Sint Maarten (Dutch part),
"of Bonaire, Sint Eustatius and Saba",,"Bonaire, Sint Eustatius and Saba",
New Caledonian,New Caledonia,New Caledonia,NC.png
Vanuatuan,Republic of Vanuatu,Vanuatu,VU.png
New Zealander,New Zealand,New Zealand,NZ.png
Nicaraguan,Republic of Nicaragua,Nicaragua,NI.png
Nigerien,Republic of Niger,Niger,NE.png
Nigerian,Federal Republic of Nigeria,Nigeria,NG.png
Niuean,Niue,Niue,NU.png
Norfolk Islander,Territory of Norfolk Island,Norfolk Island,NF.png
Norwegian,Kingdom of Norway,Norway,NO.png
Northern Mariana Islander,Commonwealth of the Northern Mariana Islands,Northern Mariana Islands,MP.png
of United States Minor Outlying Islands,United States Minor Outlying Islands,United States Minor Outlying Islands,UM.png
Micronesian,Federated States of Micronesia,"Micronesia, Federated States of",FM.png
Marshallese,Republic of the Marshall Islands,Marshall Islands,MH.png
Palauan,Republic of Palau,Palau,PW.png
Pakistani,Islamic Republic of Pakistan,Pakistan,PK.png
Panamanian,Republic of Panama,Panama,PA.png
Papua New Guinean,Independent State of Papua New Guinea,Papua New Guinea,PG.png
Paraguayan,Republic of Paraguay,Paraguay,PY.png
Peruvian,Republic of Peru,Peru,PE.png
Filipino,Republic of the Philippines,Philippines,PH.png
Pitcairner,Pitcairn Islands,Pitcairn,PN.png
Polish,Republic of Poland,Poland,PL.png
Portuguese,Portuguese Republic,Portugal,PT.png
Guinea-Bissau national,Republic of Guinea-Bissau,Guinea-Bissau,GW.png
East Timorese,Democratic Republic of East Timor,Timor-Leste,TL.png
Puerto Rican,Commonwealth of Puerto Rico,Puerto Rico,PR.png
Qatari,State of Qatar,Qatar,QA.png
Reunionese,Réunion,Réunion,RE.png
Romanian,Romania,Romania,RO.png
Russian,Russian Federation,Russian Federation,RU.png
Rwandan; Rwandese,Republic of Rwanda,Rwanda,RW.png
of Saint Barthélemy,Collectivity of Saint Barthélemy,Saint Barthélemy,
Saint Helenian,"Saint Helena, Ascension and Tristan da Cunha","Saint Helena, Ascension and Tristan da Cunha",SH.png
Kittsian; Nevisian,Federation of Saint Kitts and Nevis,Saint Kitts and Nevis,KN.png
Anguillan,Anguilla,Anguilla,AI.png
Saint Lucian,Saint Lucia,Saint Lucia,LC.png
of Saint Martin,Collectivity of Saint Martin,Saint Martin (French part),
St-Pierrais; Miquelonnais,Territorial Collectivity of Saint Pierre and Miquelon,Saint Pierre and Miquelon,PM.png
Vincentian,Saint Vincent and the Grenadines,Saint Vincent and the Grenadines,VC.png
San Marinese,Republic of San Marino,San Marino,SM.png
São Toméan,Democratic Republic of São Tomé and Príncipe,Sao Tome and Principe,ST.png
Saudi Arabian,Kingdom of Saudi Arabia,Saudi Arabia,SA.png
Senegalese,Republic of Senegal,Senegal,SN.png
Serb,Republic of Serbia,Serbia,
Seychellois,Republic of Seychelles,Seychelles,SC.png
Sierra Leonean,Republic of Sierra Leone,Sierra Leone,SL.png
Singaporean,Republic of Singapore,Singapore,SG.png
Slovak,Slovak Republic,Slovakia,SK.png
Vietnamese,Socialist Republic of Vietnam,Viet Nam,VN.png
Slovene,Republic of Slovenia,Slovenia,SI.png
Somali,Somali Republic,Somalia,SO.png
South African,Republic of South Africa,South Africa,ZA.png
Zimbabwean,Republic of Zimbabwe,Zimbabwe,ZW.png
Spaniard,Kingdom of Spain,Spain,ES.png
South Sudanese,Republic of South Sudan,South Sudan,
Sudanese,Republic of the Sudan,Sudan,
Sahrawi,Western Sahara,Western Sahara,EH.png
Surinamese,Republic of Suriname,Suriname,SR.png
of Svalbard,Svalbard and Jan Mayen,Svalbard and Jan Mayen,SJ.png
Swazi,Kingdom of Swaziland,Swaziland,SZ.png
Swedish,Kingdom of Sweden,Sweden,SE.png
Swiss,Swiss Confederation,Switzerland,CH.png
Syrian,Syrian Arab Republic,Syrian Arab Republic,SY.png
Tajik,Republic of Tajikistan,Tajikistan,TJ.png
Thai,Kingdom of Thailand,Thailand,TH.png
Togolese,Togolese Republic,Togo,TG.png
Tokelauan,Tokelau,Tokelau,TK.png
Tongan,Kingdom of Tonga,Tonga,TO.png
Trinidadian; Tobagonian,Republic of Trinidad and Tobago,Trinidad and Tobago,TT.png
Emirian,United Arab Emirates,United Arab Emirates,AE.png
Tunisian,Republic of Tunisia,Tunisia,TN.png
Turk,Republic of Turkey,Turkey,TR.png
Turkmen,Turkmenistan,Turkmenistan,TM.png
Turks and Caicos Islander,Turks and Caicos Islands,Turks and Caicos Islands,TC.png
Tuvaluan,Tuvalu,Tuvalu,TV.png
Ugandan,Republic of Uganda,Uganda,UG.png
Ukrainian,Ukraine,Ukraine,UA.png
of the former Yugoslav Republic of Macedonia,the former Yugoslav Republic of Macedonia,"Macedonia, the former Yugoslav Republic of",MK.png
Egyptian,Arab Republic of Egypt,Egypt,EG.png
British,United Kingdom of Great Britain and Northern Ireland,United Kingdom,GB.png
of Guernsey,Bailiwick of Guernsey,Guernsey,
of Jersey,Bailiwick of Jersey,Jersey,
Manxman; Manxwoman,Isle of Man,Isle of Man,
Tanzanian,United Republic of Tanzania,"Tanzania, United Republic of",TZ.png
American,United States of America,United States,US.png
US Virgin Islander,United States Virgin Islands,"Virgin Islands, U.S.",VI.png
Burkinabe,Burkina Faso,Burkina Faso,BF.png
Uruguayan,Eastern Republic of Uruguay,Uruguay,UY.png
Uzbek,Republic of Uzbekistan,Uzbekistan,UZ.png
Venezuelan,Bolivarian Republic of Venezuela,"Venezuela, Bolivarian Republic of",VE.png
Wallisian; Futunan; Wallis and Futuna Islander,Wallis and Futuna,Wallis and Futuna,WF.png
Samoan,Independent State of Samoa,Samoa,WS.png
Yemenite,Republic of Yemen,Yemen,YE.png
Zambian,Republic of Zambia,Zambia,ZM.png